,valid_image,size_mb,width,height,aspect_ratio,brightness,contrast,blur_score,image_area,is_square,size_per_pixel,dataset_ADMS,dataset_Drowsiness
valid_image,,,,,,,,,,,,,
size_mb,,1.0,0.8426676253081239,0.874742466575778,0.5345456965130905,-0.10899408049580299,0.8228713568232612,0.5607499922951084,0.8743314564200066,-0.8125848513721472,-0.7601483613888008,0.8557375014387275,-0.8557375014387276
width,,0.8426676253081239,1.0,0.8783740329231827,0.8137388314840208,-0.3851199390481484,0.7589370717206386,0.6865943843127639,0.9478203153898421,-0.9648574024259862,-0.9562624414583627,0.9912194064088868,-0.9912194064088871
height,,0.874742466575778,0.8783740329231827,1.0,0.4458708756744406,-0.20375193373874828,0.8064314840224737,0.415983752546838,0.976474601597475,-0.8511688175857887,-0.8771934933493277,0.9091741563651767,-0.9091741563651766
aspect_ratio,,0.5345456965130905,0.8137388314840208,0.4458708756744406,1.0,-0.48125247869966437,0.4564070282728671,0.8142378465049391,0.5908976707605735,-0.7917152731124197,-0.7395077171865235,0.7713188509187224,-0.7713188509187225
brightness,,-0.10899408049580299,-0.3851199390481484,-0.20375193373874828,-0.48125247869966437,1.0,-0.004322165687480596,-0.5081610262731445,-0.2846843138995953,0.4066460865516315,0.41047147950656243,-0.3801758669387066,0.38017586693870664
contrast,,0.8228713568232612,0.7589370717206386,0.8064314840224737,0.4564070282728671,-0.004322165687480596,1.0,0.3599521151260489,0.7989931108429892,-0.7300952006029828,-0.6553022929826106,0.7714602294765703,-0.7714602294765704
blur_score,,0.5607499922951084,0.6865943843127639,0.415983752546838,0.8142378465049391,-0.5081610262731445,0.3599521151260489,1.0,0.5098445266510715,-0.6830397562264556,-0.6066583109483795,0.668071879174339,-0.6680718791743391
image_area,,0.8743314564200066,0.9478203153898421,0.976474601597475,0.5908976707605735,-0.2846843138995953,0.7989931108429892,0.5098445266510715,1.0,-0.905469568134711,-0.934963422513239,0.9602885390711303,-0.96028853907113
is_square,,-0.8125848513721472,-0.9648574024259862,-0.8511688175857887,-0.7917152731124197,0.4066460865516315,-0.7300952006029828,-0.6830397562264556,-0.905469568134711,1.0,0.9420015409989291,-0.9742356579040978,0.9742356579040974
size_per_pixel,,-0.7601483613888008,-0.9562624414583627,-0.8771934933493277,-0.7395077171865235,0.41047147950656243,-0.6553022929826106,-0.6066583109483795,-0.934963422513239,0.9420015409989291,1.0,-0.9689103492697796,0.9689103492697796
dataset_ADMS,,0.8557375014387275,0.9912194064088868,0.9091741563651767,0.7713188509187224,-0.3801758669387066,0.7714602294765703,0.668071879174339,0.9602885390711303,-0.9742356579040978,-0.9689103492697796,1.0,-0.9999999999999997
dataset_Drowsiness,,-0.8557375014387276,-0.9912194064088871,-0.9091741563651766,-0.7713188509187225,0.38017586693870664,-0.7714602294765704,-0.6680718791743391,-0.96028853907113,0.9742356579040974,0.9689103492697796,-0.9999999999999997,1.0
